Theme,Sub-theme,Quote / Phrase,Source (subreddit),Use case for content
Anxious attachment,Silence triggers,"He didn't text back and I went 7-8 hours overthinking something he forgot in 5 minutes.",r/AnxiousAttachment,Hook for reels about silence/no response
Anxious attachment,Silence triggers,"Every text that takes too long. Every silence that feels slightly different from yesterday.",r/AnxiousAttachment,POV / inner monologue content
Anxious attachment,Silence triggers,"The hyperactivation piece — the replaying, the microexpression analysis, the reading into whether someone actually cares what you said.",r/AnxiousAttachment,Educational caption explaining the pattern
Anxious attachment,Silence triggers,"My nervous system is scanning for rejection the way a smoke detector scans for fire. The problem is it can't tell the difference between real smoke and someone just being quiet.",r/AnxiousAttachment,Strong metaphor for educational reel
Anxious attachment,Overthinking spiral,"I'm constantly stuck in this loop of overthinking, waiting, and then feeling bad about myself.",r/AnxiousAttachment,Hook — direct relatability
Anxious attachment,Overthinking spiral,"I get attached way too quickly. Like REALLY quickly. Even when the other person isn't putting in the same energy.",r/AnxiousAttachment,Hook for reels on fast attachment
Anxious attachment,Overthinking spiral,"Even over the smallest things, I start overthinking and get anxious for hours.",r/AnxiousAttachment,Opening line / caption
Anxious attachment,Body-level activation,"Tight chest, stomach drop, urgency. My body reacts before my mind can think.",r/AnxiousAttachment,Body-focused content / breathwork intro
Anxious attachment,Body-level activation,"My chest tight, heart racing, body buzzing with adrenaline.",r/AnxiousAttachment,Sensory description for practice intro
Anxious attachment,Body-level activation,"You cannot think your way out of it in the moment. The brain moves faster than logic.",r/AnxiousAttachment,Caption explaining why breathwork over thinking
Anxious attachment,Mind reading,"Analyzing tone, timing, word choice. Interpreting neutral behavior as negative.",r/AnxiousAttachment,List-format reel
Anxious attachment,Mind reading,"Replaying interactions and analysing micro expressions nobody would actually look into that much.",r/AnxiousAttachment,Hook — naming the pattern
Anxious attachment,Mind reading,"My rejection sensitivity feels like it's constantly on high alert.",r/AnxiousAttachment,Caption opening
Anxious attachment,Self-blame,"For the other person it's usually not even a big deal. But in my head it becomes everything.",r/AnxiousAttachment,Hook showing the gap between his and her experience
Anxious attachment,Self-blame,"This loop is exhausting everything — including my ability to just be present in a conversation without auditing it afterward.",r/AnxiousAttachment,Educational caption
Anxious attachment,Old wiring,"Your brain is not broken. It is running a very old protection program that never got updated.",r/AnxiousAttachment,Powerful reframe — caption
Anxious attachment,Old wiring,"You are someone whose nervous system learned early that connection is fragile.",r/AnxiousAttachment,Validation hook
Anxious attachment,Old wiring,"That alarm system was built to protect you. It just keeps firing at the wrong things.",r/AnxiousAttachment,Caption / voiceover
Anxious attachment,Old wiring,"Your anxiety exists because your nervous system tries to protect you against the pain of ending up alone.",r/AnxiousAttachment,Educational reel
Anxious attachment,Going back to ex,"Every time he reaches out, I do not fall back because I miss him. I fall back because the spiral is familiar and familiar feels safer than empty.",r/AnxiousAttachment,Powerful reframe — quote graphic
Anxious attachment,Going back to ex,"He is not coming back to save you. He is coming back because he knows you will answer.",r/AnxiousAttachment,Direct hook — strong quote slide
Anxious attachment,Going back to ex,"It feels like addiction — not just psychologically but actually neurophysiologically.",r/AnxiousAttachment,Educational caption
Anxious attachment,Going back to ex,"Their cycle is addictive to our brains. It's push and pull.",r/AnxiousAttachment,Pattern-naming reel
Anxious attachment,Going back to ex,"He found a way to breadcrumb and then leave again — and it's got me spiraling this whole week.",r/AnxiousAttachment,Identification hook
Anxious attachment,Going back to ex,"It's as if he's standing on the threshold, longing to come in, but he never does. Sometimes he takes a step forward, then hesitates — and stays there.",r/AnxiousAttachment,Vivid metaphor for caption
Anxious attachment,Going back to ex,"He never responds to my intensity and doesn't open up emotionally.",r/AnxiousAttachment,Honest hook
Anxious attachment,Going back to ex,"Indirect moves make me overthink — and then I end up breaking down and texting him.",r/AnxiousAttachment,Pattern naming
Anxious attachment,Going back to ex,"You have not yet learned to sit with yourself without flinching.",r/AnxiousAttachment,Powerful quote slide
Anxious attachment,Emptiness when single,"It is unbearable to be single.",r/AnxiousAttachment,Vulnerable hook
Anxious attachment,Emptiness when single,"You aren't empty — and a partner will only give you the illusion of filling that emptiness.",r/AnxiousAttachment,Reframe
Anxious attachment,Emptiness when single,"Feeling empty when you have this attachment style is normal — because now that you're single, you don't have anyone to have an anxious attachment style with.",r/AnxiousAttachment,Educational caption
Anxious attachment,Emptiness when single,"Ten months single is not a failure. It's the longest you have gone without handing your nervous system to someone else.",r/AnxiousAttachment,Hopeful reframe
Anxious attachment,Emptiness when single,"That is the muscle building even when it does not feel like it.",r/AnxiousAttachment,Caption ending
Anxious attachment,Emptiness when single,"My anxious attachment style can change my moods constantly throughout the day.",r/AnxiousAttachment,Honest opening
Anxious attachment,Healing arc,"You can tell yourself you've healed, but that doesn't always make it true.",r/AnxiousAttachment,Hook — uncomfortable truth
Anxious attachment,Healing arc,"If you keep going back, overthinking, or reopening the same emotional wounds, it might be a sign that those issues aren't fully resolved yet.",r/AnxiousAttachment,Educational caption
Anxious attachment,Healing arc,"Real healing isn't just something you convince yourself of — it shows up in your behavior.",r/AnxiousAttachment,Quote slide
Anxious attachment,Healing arc,"Different people can trigger completely different sides of us. With some you might feel secure, with others very anxious.",r/AnxiousAttachment,Educational caption
Anxious attachment,Healing arc,"When you're alone these patterns don't really show up. But when someone enters your life and anxiety kicks in, it usually means there's something unresolved.",r/AnxiousAttachment,Insight caption
Anxious attachment,Triggers vs healing,"I can stay secure UNTIL something happens that is genuinely, objectively anxiety provoking. Then I go right back to being anxiously attached.",r/AnxiousAttachment,Direct relatable hook
Anxious attachment,Triggers vs healing,"Staying regulated through a genuinely uncertain situation isn't the same as suppressing your anxiety.",r/AnxiousAttachment,Educational reframe
Anxious attachment,Triggers vs healing,"Your nervous system isn't overreacting to nothing.",r/AnxiousAttachment,Validation hook
Anxious attachment,Triggers vs healing,"The work isn't about not caring. It's about not letting the uncertainty become the organizing principle of your day.",r/AnxiousAttachment,Long caption / educational
Anxious attachment,Triggers vs healing,"The middle path — staying present in your own life while something unresolved sits off to the side — is the skill that takes the longest to build.",r/AnxiousAttachment,Educational caption
Not enough / too much,Core feeling,"Does anyone ever feel like they are just too much for the people close to them?",r/AnxiousAttachment,Direct hook — high relatability
Not enough / too much,Core feeling,"The real authentic version of me requires things they aren't at capacity to give.",r/AnxiousAttachment,Caption / quote slide
Not enough / too much,Core feeling,"You might have just asked the wrong person. For x you'll be too much but for y you might be totally ok.",r/AnxiousAttachment,Reframe quote — perfect for graphic
Not enough / too much,Core feeling,"Your needs are your needs. Just because someone can't or won't meet them doesn't mean they're not valid — it just means you're incompatible.",r/AnxiousAttachment,Educational caption — strong reframe
Not enough / too much,Core feeling,"Does this lonely feeling ever go away?",r/AnxiousAttachment,Honest opening question
Not enough / too much,Self-worth,"I don't trust my own feelings.",r/Situationships,Short hook
Not enough / too much,Self-worth,"I worry it reflects badly on me — like something's wrong with my personality.",r/Situationships,Inner thought reel
Not enough / too much,Self-worth,"I felt at a loss when he started texting me less.",r/Situationships,Caption opening
Not enough / too much,Self-worth,"I can't tell if I genuinely like him or if it's just because I like being liked.",r/Situationships,Quote slide
Not enough / too much,Self-worth,"Maybe I'm just not built for relationships.",r/Situationships,Vulnerable hook
Not enough / too much,Identity loss,"I forget who I am.",Project (Kristian),Aligned with project tone of voice
Not enough / too much,Identity loss,"I felt powerless, like a little girl. No control.",Project (Kristian),Anchor quote
Situationships,Inconsistency,"It felt warm and meaningful on the surface, but underneath was full of inconsistency and emotional confusion.",r/Situationships,Caption opening — high resonance
Situationships,Inconsistency,"He cared, but he couldn't choose.",r/Situationships,Short powerful quote
Situationships,Inconsistency,"He kept me in a space that required too much understanding and patience without real stability.",r/Situationships,Educational caption
Situationships,Inconsistency,"I was the only one doing the emotional work.",r/Situationships,Hook
Situationships,Inconsistency,"Best sex ever, makes me feel loved and like I could be his gf — then I leave and it's like it means nothing.",r/Situationships,Raw quote slide
Situationships,Hot and cold,"He told me he doesn't want anything serious but we do everything any couple would.",r/Situationships,Identification hook
Situationships,Hot and cold,"Two weeks of silence — then he asks if I miss him.",r/AnxiousAttachment,Hook for reels on inconsistent partners
Situationships,Hot and cold,"In person he invests a lot. Over text he sends low-effort, slightly provoking messages.",r/AnxiousAttachment,Pattern-naming caption
Situationships,Going back,"That one tiny part of me just can't stop going back.",r/Situationships,Hook
Situationships,Going back,"I want a real boyfriend who treats me well — I always end up running back to the emotionally unavailable ones.",r/Situationships,Honest opening
Situationships,Friendship blur,"Is it better to be nothing at all to him or to constantly feel less than enough but have my friend?",r/Situationships,Quote slide
Situationships,Friendship blur,"He's hung up on his ex and I sit and listen to him talk about her every single day. It makes my chest hurt.",r/Situationships,Body + emotion description
Unhealthy patterns,The cycle,"I get into a relationship I devote myself entirely to, convinced it's going to last forever — feeling euphoric. Then it ends and I feel awful for months.",r/AnxiousAttachment,Long hook — the cycle named
Unhealthy patterns,The cycle,"It is unbearable to be single.",r/AnxiousAttachment,Vulnerable opening
Unhealthy patterns,The cycle,"You are not falling in love over and over. You are finding someone to hold the weight you refuse to carry yourself.",r/AnxiousAttachment,Powerful reframe — quote slide
Unhealthy patterns,The cycle,"Every new person becomes the fix and every breakup becomes the proof that you are not enough without one.",r/AnxiousAttachment,Caption / quote graphic
Unhealthy patterns,The cycle,"What would happen if you let yourself feel the emptiness instead of filling it?",r/AnxiousAttachment,Question for reflection / story sticker
Unhealthy patterns,Pain = closeness,"I chase after my source of pain to be my source of comfort.",r/AnxiousAttachment,Strong quote slide
Unhealthy patterns,Pain = closeness,"I never find myself wanting to quit on him.",r/AnxiousAttachment,Vulnerable hook
Unhealthy patterns,Pain = closeness,"My emotional endurance for suffering is so large it doesn't register that this person is the source of my pain.",r/AnxiousAttachment,Educational caption
Unhealthy patterns,Walking on eggshells,"Walking on eggshells so a distant partner will choose you is often a sign of your own unresolved trauma.",r/attachment_theory,Educational caption
Unhealthy patterns,Walking on eggshells,"You end up prioritizing someone who has already lost respect for you.",r/attachment_theory,Hook
Unhealthy patterns,Walking on eggshells,"The harder you fight for them, the more respect they lose.",r/attachment_theory,Educational reel
Unhealthy patterns,Walking on eggshells,"You got hooked on who they were during the honeymoon phase.",r/attachment_theory,Quote slide
Pain = closeness,Refusing to quit,"I never find myself wanting to 'quit' on him. I have such a large amount of emotional endurance for suffering.",r/AnxiousAttachment,Vulnerable opening
Pain = closeness,Refusing to quit,"It's not properly registering in my head that right now this person is the source of all my pain.",r/AnxiousAttachment,Honest hook
Pain = closeness,Refusing to quit,"I'm suffering wanting him back despite having already accepted the reality.",r/AnxiousAttachment,Identification hook
Pain = closeness,Refusing to quit,"I want to honor my pain and properly connect in my brain the person who is the source of that pain — so I can finally let them go in my heart.",r/AnxiousAttachment,Long caption
Pain = closeness,Refusing to quit,"You have chosen him for your happiness instead of yourself.",r/AnxiousAttachment,Strong quote slide
Pain = closeness,Refusing to quit,"You associate happiness with pain and are happy to endure pain — to some point — to be deserving of love and peace.",r/AnxiousAttachment,Educational caption
Pain = closeness,Refusing to quit,"You lose track of yourself as the source of happiness.",r/AnxiousAttachment,Quote graphic
Pain = closeness,Refusing to quit,"You are the key to creating more — by valuing yourself and taking a stand when no one else would.",r/AnxiousAttachment,Hopeful closing
Pain = closeness,Symbiosis,"In long-term relationships you literally form a kind of physiological symbiosis, especially if you spend a lot of time in physical proximity.",r/AnxiousAttachment,Educational caption
Pain = closeness,Symbiosis,"These thoughts are residue. They will eventually run out of steam if you don't feed them with any new ideas.",r/AnxiousAttachment,Hopeful caption
Pain = closeness,Disgust as healing,"Disgust is the opposite of trust, or faith.",r/AnxiousAttachment,Educational caption
Pain = closeness,Disgust as healing,"Losing trust and faith involves a certain level of aversion.",r/AnxiousAttachment,Reframe
Pain = closeness,Disgust as healing,"To love is to see a person as God intended him. To fall out of love is to see, instead of him, a table, a chair.",Marina Tsvetaeva quote / r/AnxiousAttachment,Powerful poetic quote slide
Pain = closeness,Disgust as healing,"I had to make a list of all the things that were wrong about him and read it every day until my brain finally started to see him as not my person.",r/AnxiousAttachment,Practical tip caption
Pain = closeness,Disgust as healing,"I'd often let my ex off the hook and minimize things he did.",r/AnxiousAttachment,Pattern recognition
Pain = closeness,Disgust as healing,"I'd internalize anger instead of externalize. I was hurt — but I hated myself instead of him. It was safer to do that.",r/AnxiousAttachment,Honest insight quote
Pain = closeness,Idealization,"Even securely attached people idealize their romantic partners to an extent — and the process of breaking up usually involves some kind of disillusionment.",r/AnxiousAttachment,Educational
Pain = closeness,Idealization,"Going through this process involves feeling grief — not just for the relationship and the person, but for the loss of potential.",r/AnxiousAttachment,Caption
Pain = closeness,Idealization,"It is a loss of faith.",r/AnxiousAttachment,Short powerful quote
Self-abandonment,Core pattern,"The biggest difference between someone who is secure vs anxious is the willingness to self-abandon.",r/AnxiousAttachment,Educational opening
Self-abandonment,Core pattern,"Pretty much all anxiously attached behaviors are tied up with a tendency to idealize others, give up your power, and abandon yourself.",r/AnxiousAttachment,Pattern naming caption
Self-abandonment,Core pattern,"You give up your power in pursuit of even a crumb of affection from another.",r/AnxiousAttachment,Strong quote slide
Self-abandonment,Core pattern,"Healing is hard work — it's a genuine internal shift where you come to value yourself, uphold your boundaries, and no longer self-abandon as a default.",r/AnxiousAttachment,Long caption
Self-abandonment,Core pattern,"Unavailability became a turn off and an ick instead of a descent into the madness of feeling like my life depended on this other person.",r/AnxiousAttachment,Hopeful reframe
Self-abandonment,Core pattern,"Secure people don't internalize it as about them. They see it as about that person and can grieve while choosing themselves.",r/AnxiousAttachment,Educational caption
Self-abandonment,Core pattern,"They can grieve whatever they hoped for — while choosing themselves.",r/AnxiousAttachment,Quote graphic
Healing language,Permission,"You are not broken.",r/AnxiousAttachment,Anchor phrase — central to brand
Healing language,Permission,"It's your nervous system, not you.",r/AnxiousAttachment,Anchor phrase
Healing language,Permission,"Yes, this is hard.",Project tone of voice,Validation phrase
Healing language,Permission,"Try simply breathing.",Project tone of voice,Practice intro
Healing language,Permission,"You are someone whose nervous system learned early that connection is fragile.",r/AnxiousAttachment,Reframe
Healing language,Permission,"Getting attached fast is not a character flaw. It's what happens when love has felt uncertain.",r/AnxiousAttachment,Reframe caption
Healing language,The work,"Catching the moment right before the spiral starts.",r/AnxiousAttachment,Educational caption
Healing language,The work,"That space is where you can start asking whether the threat is real or whether your nervous system is pattern-matching to something old.",r/AnxiousAttachment,Long-form caption
Healing language,The work,"Lengthening the gap between trigger and reaction.",r/AnxiousAttachment,Direct phrase for content
Healing language,The work,"It doesn't fix overnight but that awareness layer is usually where the change starts.",r/AnxiousAttachment,Caption ending
Healing language,The work,"Once you name the actual fear, you can ask whether there's real evidence for it.",r/AnxiousAttachment,Educational reel
Healing language,The work,"Most of the time there isn't — and that question creates just enough distance to step out.",r/AnxiousAttachment,Caption / closing
Healing language,Self-honesty,"I want to restore inner stability through the body, not through endless thinking.",Project (interview),Anchor quote
Healing language,Self-honesty,"I just need it to let go.",Project (interview),Vulnerable opening
Healing language,Self-honesty,"When he doesn't reply, everything inside tightens.",Project (interview),Body description
Healing language,Self-honesty,"Everything is pounding inside, and outside — stupor.",Project (Kseniya),Sensory anchor quote
Body / nervous system,Sensations,"Tight chest. Stomach drop. Urgency.",r/AnxiousAttachment,Sensory list reel
Body / nervous system,Sensations,"I felt trapped inside my own body.",Project (Alex),Anchor quote
Body / nervous system,Sensations,"I couldn't move. I could sit in my car for an hour and cry.",Project (Ofelia),Vulnerable hook
Body / nervous system,Sensations,"Your body reacts before your brain catches up.",r/AnxiousAttachment,Educational opening
Body / nervous system,Sensations,"In peak moments — almost the fear of death.",Project (Ofelia / Anya),Sensory hook
Body / nervous system,Movement helps,"In the moment when it's bad — you need to walk. Movement plus breath.",Project (Kristian),Practice intro
Body / nervous system,Movement helps,"I drove in circles — movement saved me.",Project (interview),Identification hook
Body / nervous system,Why thinking fails,"You can't think your way out of it. You have to interrupt it through the body.",r/AnxiousAttachment,Caption / educational
Body / nervous system,Why thinking fails,"In the moment nothing works except meds. I understood — anxiety is bodily, not in the head.",Project (interview),Anchor quote
Body-based work,Why thinking fails,"That's not something you can think your way out of.",r/AnxiousAttachment,Strong caption
Body-based work,Why thinking fails,"It does something to your nervous system every time you are in contact with him.",r/AnxiousAttachment,Educational caption
Body-based work,Why thinking fails,"In the end the only thing your nervous system responds to is action — action in distance, action in treating yourself well.",r/AnxiousAttachment,Long caption
Body-based work,Why thinking fails,"Even if you don't feel like it — choosing to treat yourself well will eventually make you feel like you're worth it.",r/AnxiousAttachment,Hopeful closing
Body-based work,Why thinking fails,"It does mean you have to learn how to sit with discomfort.",r/AnxiousAttachment,Honest line
Body-based work,Sitting with it,"I made a challenge — to fully accept it and just feel it crashing my ribs till all the bad blood is out.",r/AnxiousAttachment,Vivid sensory hook
Body-based work,Sitting with it,"I took a pause and went on a 10-day trip alone. It was horribly boring but so beneficial.",r/AnxiousAttachment,Personal story hook
Body-based work,Sitting with it,"I faced all my thoughts. I wrote everything down.",r/AnxiousAttachment,Practice description
Body-based work,Sitting with it,"There's not a single inch of me that hates her.",r/AnxiousAttachment,Hopeful arc
Body-based work,Sitting with it,"In order to grow you have to fully love yourself. No one is pouring that into a broken cup.",r/AnxiousAttachment,Anchor quote slide
"""I'm too much"" / shame",Inner critic,"That's shame. Now you have to dig deeper.",r/AnxiousAttachment,Caption
"""I'm too much"" / shame",Inner critic,"Find that part of you that needs you to believe you're 'too much' and ask it why.",r/AnxiousAttachment,Long caption / story
"""I'm too much"" / shame",Inner critic,"What does it want you to know? What is it saying will happen if you don't listen?",r/AnxiousAttachment,Reflective question
"""I'm too much"" / shame",Inner critic,"It sucks to get feedback that vindicates the anxious parts of us.",r/AnxiousAttachment,Validation hook
"""I'm too much"" / shame",Inner critic,"We often subconsciously seek out partners that reinforce the negative core beliefs we have about ourselves.",r/AnxiousAttachment,Educational
"""I'm too much"" / shame",Communication,"I don't know how to ask for what I need.",r/attachment_theory,Honest opening
"""I'm too much"" / shame",Communication,"I'm afraid of bothering people. I'm afraid I'll seem stupid.",r/attachment_theory,Vulnerable hook
"""I'm too much"" / shame",Communication,"I write three-volume messages I never send.",Project (interview),Identification hook
Self-worth shifts,Taking responsibility,"I'm taking responsibility and ownership of my own self-worth.",r/AnxiousAttachment,Empowered hook
Self-worth shifts,Taking responsibility,"I'm no longer letting other people determine how I feel about myself.",r/AnxiousAttachment,Quote graphic
Self-worth shifts,Taking responsibility,"I'm working towards radical self-acceptance and awareness.",r/AnxiousAttachment,Caption
Self-worth shifts,Taking responsibility,"At 41 this is by far the hardest thing I have ever done — and I have been through some really heavy stuff.",r/AnxiousAttachment,Honest vulnerable hook
Self-worth shifts,Taking responsibility,"There is no logical reason why my well-being will be decided by another human who is full of flaws and insecurities like me.",r/AnxiousAttachment,Powerful reframe
Self-worth shifts,Taking responsibility,"I stopped engaging — then it instantly killed the roots. I was the one holding all this together. She was just standing there.",r/AnxiousAttachment,Vivid insight
Avoidant dynamic,Inconsistency,"He apologized and told me he's been busy.",r/datingoverthirty,Identification hook
Avoidant dynamic,Inconsistency,"He warned me at the beginning that he's not good at staying in touch.",r/datingoverthirty,Pattern naming
Avoidant dynamic,Inconsistency,"He texts me once a day. Literally three short messages.",r/datingoverthirty,Hook for inconsistency
Avoidant dynamic,Inconsistency,"How do I get to know him if things go so slow?",r/datingoverthirty,Question hook
Avoidant dynamic,Inconsistency,"His incapability to love you isn't your problem — however hard that is to swallow.",r/AnxiousAttachment,Quote slide
Avoidant dynamic,Inconsistency,"You shouldn't have to work your arse off to try to earn someone's love.",r/AnxiousAttachment,Powerful caption
Avoidant dynamic,Inconsistency,"If they're provoking your anxiety — recognize they may not be the great love you're hoping they'll be.",r/AnxiousAttachment,Reframe
Avoidant dynamic,Patterns,"Sometimes I'll just pretend I didn't see him.",r/Situationships,Behavioral truth
Avoidant dynamic,Patterns,"Things were better when our feelings were ambiguous.",r/Situationships,Quote slide
Avoidant partner pain,Choosing breadcrumbs,"I'm clinging to hope that they'll recognize their patterns. Hope that they'll come back.",r/attachment_theory,Caption opening
Avoidant partner pain,Choosing breadcrumbs,"I'm fighting for the relationship. I become a 'needy pest' in their eyes.",r/attachment_theory,Pattern naming
Avoidant partner pain,Choosing breadcrumbs,"While I cling to breadcrumbs, they start longing for an ex or prioritizing everyone but me.",r/attachment_theory,Educational caption
Avoidant partner pain,Choosing breadcrumbs,"This is about their capacity, not your worth as a partner.",r/attachment_theory,Reframe
Avoidant partner pain,Choosing breadcrumbs,"Many of them lack the capacity to sustain a healthy relationship.",r/attachment_theory,Educational
Avoidant partner pain,Choosing breadcrumbs,"Judge them not by what they say, but by what they do.",r/attachment_theory,Anchor quote slide
Self-doubt loop,Inner critic,"My questions felt urgent and healthy — like my instinct kicking in. I just needed to control my reaction.",r/AnxiousAttachment,Pattern naming
Self-doubt loop,Inner critic,"The 'what if' questions were reactions to a trigger.",r/AnxiousAttachment,Educational caption
Self-doubt loop,Inner critic,"Uncertainty / dismissal / quiet → I'm wrong about everything and I need to fix it now.",r/AnxiousAttachment,Mapping out the spiral
Self-doubt loop,Inner critic,"This is anxious attachment right now trying to suck me in.",r/AnxiousAttachment,Anchor phrase / sticker quote
Self-doubt loop,Inner critic,"Just because uncertainty feels urgent — it isn't.",r/AnxiousAttachment,Powerful quote slide
Self-doubt loop,Inner critic,"Important and valid concerns deserve calm thoughts.",r/AnxiousAttachment,Reframe
Self-doubt loop,Inner critic,"When I'm calm, the unimportant and invalid questions go away.",r/AnxiousAttachment,Hopeful caption
Self-doubt loop,Inner critic,"Stop giving meaning to your thoughts.",r/AnxiousAttachment,Short anchor phrase
Worst-case acceptance,Tools,"Just accept the worst case scenario — decide to be okay with it — and then it doesn't have power over you.",r/AnxiousAttachment,Reframe technique caption
Worst-case acceptance,Tools,"Have you ever used this method to successfully identify that someone was disrespecting you?",r/AnxiousAttachment,Reflective question
Worst-case acceptance,Tools,"Surround yourself with people who are consistent and reliable.",r/AnxiousAttachment,Anchor advice
Worst-case acceptance,Tools,"When people mean what they say and say what they mean — there's no reason to read between the lines.",r/AnxiousAttachment,Educational quote
Worst-case acceptance,Tools,"It's only when people are inconsistent and unpredictable that I feel I need to become a detective.",r/AnxiousAttachment,Quote slide
Reading the room,Real signs,"What helped me was learning how to actually identify when people are safe and reacting immediately to that information.",r/AnxiousAttachment,Educational
Reading the room,Real signs,"If someone reacts poorly — that's also information.",r/AnxiousAttachment,Reframe
Reading the room,Real signs,"Does this person have a pattern of doing this? If not — it's just one time, noted, and let it be.",r/AnxiousAttachment,Practical caption
Reading the room,Real signs,"By doing that you learn to trust yourself to have healthier relationships.",r/AnxiousAttachment,Hopeful caption
Slow down,Practical tools,"I don't initiate texts, calls or dates. I only respond when reached out to.",r/AnxiousAttachment,Practical tip
Slow down,Practical tools,"I attach too quickly so I let the other person come to me instead of clinging to them.",r/AnxiousAttachment,Honest insight
Slow down,Practical tools,"I allow at least 1 month of dates before sexual escalation and 3 months before defining the relationship.",r/AnxiousAttachment,Practical tip
Slow down,Practical tools,"My slow burn — my attention and attachment is focused on my life and my hobbies.",r/AnxiousAttachment,Reframe / hopeful caption
Slow down,Practical tools,"Slow down. Go slow in the beginning. Your highs won't be so high — but you'll see the red flags.",r/AnxiousAttachment,Quote slide
Hopeful / shifts,Naming the change,"I thought I was asking for too much. Turns out I was just asking the wrong person.",Synthesis from Reddit + project,Strong viral hook
Hopeful / shifts,Naming the change,"You're not too much. You just haven't been with someone who has enough room for you.",Synthesis,Reframe quote graphic
Hopeful / shifts,Naming the change,"I stopped trying to be less. That's when everything shifted.",Synthesis,Personal hook
Hopeful / shifts,Naming the change,"For the first time in my life I feel calm. The absence of anxiety. I'm just enjoying it.",Project (interview),Hopeful closing
Hopeful / shifts,Naming the change,"You don't have to figure anything out right now. You just have to be here.",Synthesis from project tone,Practice intro / caption
Hopeful / shifts,Naming the change,"Your body knows what to do next.",Synthesis,Practice intro
Hopeful endings,Healed arc,"I'm in a lovely relationship for 2 years now that is really peaceful.",r/AnxiousAttachment,Hopeful closing
Hopeful endings,Healed arc,"I've learned to be attracted to healthy people instead of chasing people who set my nervous system into chaos.",r/AnxiousAttachment,Powerful insight
Hopeful endings,Healed arc,"It is a lot of hard work — but you can change your attachment.",r/AnxiousAttachment,Hopeful caption
Hopeful endings,Healed arc,"I was destroyed over that relationship. I only fully got over him about a couple months ago.",r/AnxiousAttachment,Honest hook
Hopeful endings,Healed arc,"I've genuinely never been happier or more at peace.",r/AnxiousAttachment,Hopeful closing
Hopeful endings,Healed arc,"I'll never again compromise on my wants and needs just to have a partner — even if they make me feel good in some ways.",r/AnxiousAttachment,Empowered quote slide
Hopeful endings,Healed arc,"If the person doesn't enrich my life and isn't meeting me where I'm at — I won't even waste my time.",r/AnxiousAttachment,Quote graphic
Hopeful endings,Healed arc,"I've learned a big pattern for me is going for people I feel I need to save — but obviously that doesn't work.",r/AnxiousAttachment,Insight caption
Hopeful endings,Healed arc,"I'm done doing the work for other people.",r/AnxiousAttachment,Empowered hook
Hopeful endings,Healed arc,"My life is really fulfilling — and one day, when I'm truly ready to commit, I'll be able to have that again.",r/AnxiousAttachment,Hopeful closing
Self-compassion,Permission,"Be gentle with yourself — your brain is doing what it does and it hasn't been very long.",r/AnxiousAttachment,Validation phrase
Self-compassion,Permission,"It's a process the body has to work through — to accept this new reality and truly let go.",r/AnxiousAttachment,Patient caption
Self-compassion,Permission,"You can sit with the pain and be sad — but be aware of how you're sitting with it.",r/AnxiousAttachment,Educational
Self-compassion,Permission,"Healing takes TIME — you need time to see that things are fine without him.",r/AnxiousAttachment,Reassurance caption
Self-compassion,Permission,"Have patience and faith that time will heal this.",r/AnxiousAttachment,Hopeful closing
Self-compassion,Permission,"Your body is doing the only thing it knows how to do to keep you safe.",Synthesis from project tone,Validation phrase
Single & enough,Identity,"The first 3 months I was an anxious mess just desperately thinking of what went wrong.",r/AnxiousAttachment,Identification hook
Single & enough,Identity,"Once I was more emotionally stable I just saw it very clearly that we were not working.",r/AnxiousAttachment,Hopeful arc
Single & enough,Identity,"I'm chronically single and only experienced romance and love first time in my 30s.",r/datingoverthirty,Honest hook
Single & enough,Identity,"I'm feeling silly and insecure about my new relationship right now and doom spiralling.",r/datingoverthirty,Vulnerable opening
Single & enough,Identity,"Whatever happens is best for us.",r/AnxiousAttachment,Soft anchor closing
Closure / letting go,Honest endings,"I chose to walk away quietly — not out of anger, but from a place of self-respect.",r/Situationships,Hopeful / strong quote
Closure / letting go,Honest endings,"Caring for someone doesn't mean staying in something that drains you.",r/Situationships,Quote graphic
Closure / letting go,Honest endings,"The uncomfortable feelings of leaving do pass — and one day you realize how much lighter you feel.",r/Situationships,Hopeful closing
Closure / letting go,Honest endings,"I'm tired of my time and energy being wasted on people who are hiding that they don't like me.",r/Situationships,Direct hook
Closure / letting go,Honest endings,"Being kind and loving gets you nowhere — I'm tired.",r/Situationships,Vulnerable hook
